{"cameraMode":{"drawMode":0,"name":"Shaded","section":"Shading Mode"},"sceneLighting":false,"audioPlay":false,"sceneViewState":{"m_AlwaysRefresh":false,"showFog":true,"showSkybox":false,"showFlares":true,"showImageEffects":true,"showParticleSystems":true,"showVisualEffectGraphs":true,"m_FxEnabled":true},"in2DMode":false,"pivot":{"x":-0.05803048610687256,"y":4.417119026184082,"z":-0.7356551885604858},"rotation":{"x":0.14339499175548554,"y":0.3244929015636444,"z":-0.049839120358228686,"w":0.9336288571357727},"size":6.717621326446533,"orthographic":true}